<?xml version="1.0" encoding="UTF-8"?>
<mxfile host="app.diagrams.net" modified="2023-08-18T06:43:08.043Z" agent="Mozilla/5.0 (Windows NT 10.0; Win64; x64) AppleWebKit/537.36 (KHTML, like Gecko) Chrome/115.0.0.0 Safari/537.36" etag="wWKfsZLbwC4eoGggHhbd" version="21.6.8" type="device">
  <diagram name="Page-1" id="3mLAxYGjtbnD6VLXKs0y">
    <mxGraphModel dx="847" dy="322" grid="1" gridSize="10" guides="1" tooltips="1" connect="1" arrows="1" fold="1" page="1" pageScale="1" pageWidth="827" pageHeight="1169" math="0" shadow="0">
      <root>
        <mxCell id="0" />
        <mxCell id="1" parent="0" />
        <mxCell id="_62xytNZJR9hkqycpPSf-1" value="Logo and name" style="rounded=0;whiteSpace=wrap;html=1;fillColor=#B266FF;" vertex="1" parent="1">
          <mxGeometry x="190" y="520" width="74" height="50" as="geometry" />
        </mxCell>
        <mxCell id="_62xytNZJR9hkqycpPSf-2" value="Navigation" style="rounded=0;whiteSpace=wrap;html=1;fillColor=#A680B8;" vertex="1" parent="1">
          <mxGeometry x="264" y="520" width="70" height="50" as="geometry" />
        </mxCell>
        <mxCell id="_62xytNZJR9hkqycpPSf-4" value="" style="verticalLabelPosition=bottom;verticalAlign=top;html=1;shadow=0;dashed=0;strokeWidth=2;shape=mxgraph.android.navigation_bar_1;fillColor=#1A1A1A;strokeColor=#999999;sketch=0;" vertex="1" parent="1">
          <mxGeometry x="334" y="520" width="80" height="50" as="geometry" />
        </mxCell>
        <mxCell id="_62xytNZJR9hkqycpPSf-5" value="History&lt;br&gt;&lt;br&gt;&lt;br&gt;Vision" style="rounded=0;whiteSpace=wrap;html=1;" vertex="1" parent="1">
          <mxGeometry x="190" y="570" width="224" height="130" as="geometry" />
        </mxCell>
        <mxCell id="_62xytNZJR9hkqycpPSf-6" value="Footer" style="rounded=0;whiteSpace=wrap;html=1;" vertex="1" parent="1">
          <mxGeometry x="190" y="700" width="224" height="50" as="geometry" />
        </mxCell>
      </root>
    </mxGraphModel>
  </diagram>
</mxfile>
