<?xml version="1.0" encoding="UTF-8"?>
<mxfile host="app.diagrams.net" modified="2023-08-18T06:43:33.198Z" agent="Mozilla/5.0 (Windows NT 10.0; Win64; x64) AppleWebKit/537.36 (KHTML, like Gecko) Chrome/115.0.0.0 Safari/537.36" etag="uaYCjjQT5dziw_4o-t1x" version="21.6.8" type="device">
  <diagram name="Page-1" id="iNWRL14PJQzN1iXQDpdS">
    <mxGraphModel dx="847" dy="322" grid="1" gridSize="10" guides="1" tooltips="1" connect="1" arrows="1" fold="1" page="1" pageScale="1" pageWidth="827" pageHeight="1169" math="0" shadow="0">
      <root>
        <mxCell id="0" />
        <mxCell id="1" parent="0" />
        <mxCell id="hFa6bvZfNE1wUpe_mWhl-1" value="Logo and name" style="rounded=0;whiteSpace=wrap;html=1;fillColor=#B266FF;" vertex="1" parent="1">
          <mxGeometry x="180" y="520" width="84" height="50" as="geometry" />
        </mxCell>
        <mxCell id="hFa6bvZfNE1wUpe_mWhl-2" value="Navigation" style="rounded=0;whiteSpace=wrap;html=1;fillColor=#A680B8;" vertex="1" parent="1">
          <mxGeometry x="264" y="520" width="70" height="50" as="geometry" />
        </mxCell>
        <mxCell id="hFa6bvZfNE1wUpe_mWhl-4" value="" style="verticalLabelPosition=bottom;verticalAlign=top;html=1;shadow=0;dashed=0;strokeWidth=2;shape=mxgraph.android.navigation_bar_1;fillColor=#1A1A1A;strokeColor=#999999;sketch=0;" vertex="1" parent="1">
          <mxGeometry x="334" y="520" width="80" height="50" as="geometry" />
        </mxCell>
        <mxCell id="hFa6bvZfNE1wUpe_mWhl-5" value="" style="rounded=0;whiteSpace=wrap;html=1;" vertex="1" parent="1">
          <mxGeometry x="180" y="570" width="234" height="140" as="geometry" />
        </mxCell>
        <mxCell id="hFa6bvZfNE1wUpe_mWhl-6" value="Footer" style="rounded=0;whiteSpace=wrap;html=1;" vertex="1" parent="1">
          <mxGeometry x="180" y="710" width="234" height="40" as="geometry" />
        </mxCell>
        <mxCell id="hFa6bvZfNE1wUpe_mWhl-7" value="Submit" style="labelPosition=center;verticalLabelPosition=middle;align=center;html=1;shape=mxgraph.basic.shaded_button;dx=10;fillColor=#FF33FF;strokeColor=none;whiteSpace=wrap;" vertex="1" parent="1">
          <mxGeometry x="250" y="690" width="60" height="20" as="geometry" />
        </mxCell>
        <mxCell id="hFa6bvZfNE1wUpe_mWhl-42" value="" style="strokeWidth=1;shadow=0;dashed=0;align=center;html=1;shape=mxgraph.mockup.forms.rrect;rSize=0;strokeColor=#999999;fillColor=#ffffff;recursiveResize=0;" vertex="1" parent="1">
          <mxGeometry x="180" y="570" width="234" height="120" as="geometry" />
        </mxCell>
        <mxCell id="hFa6bvZfNE1wUpe_mWhl-43" value="&amp;nbsp;name" style="strokeWidth=1;shadow=0;dashed=0;align=center;html=1;shape=mxgraph.mockup.forms.rrect;rSize=0;fillColor=#eeeeee;strokeColor=#999999;gradientColor=#cccccc;align=left;spacingLeft=4;fontSize=17;fontColor=#666666;labelPosition=right;" vertex="1" parent="hFa6bvZfNE1wUpe_mWhl-42">
          <mxGeometry x="8" y="7.5" width="92" height="15" as="geometry" />
        </mxCell>
        <mxCell id="hFa6bvZfNE1wUpe_mWhl-44" value="Email Id" style="strokeWidth=1;shadow=0;dashed=0;align=center;html=1;shape=mxgraph.mockup.forms.rrect;rSize=0;fillColor=#eeeeee;strokeColor=#999999;gradientColor=#cccccc;align=left;spacingLeft=4;fontSize=17;fontColor=#666666;labelPosition=right;" vertex="1" parent="hFa6bvZfNE1wUpe_mWhl-42">
          <mxGeometry x="8" y="37.5" width="92" height="15" as="geometry" />
        </mxCell>
        <mxCell id="hFa6bvZfNE1wUpe_mWhl-45" value="Country" style="strokeWidth=1;shadow=0;dashed=0;align=center;html=1;shape=mxgraph.mockup.forms.checkbox;rSize=0;resizable=0;fillColor=#aaaaaa;strokeColor=#444444;gradientColor=#666666;align=left;spacingLeft=4;fontSize=17;fontColor=#008cff;labelPosition=right;" vertex="1" parent="hFa6bvZfNE1wUpe_mWhl-42">
          <mxGeometry x="8" y="67.5" width="15" height="15" as="geometry" />
        </mxCell>
        <mxCell id="hFa6bvZfNE1wUpe_mWhl-46" value="Query" style="strokeWidth=1;shadow=0;dashed=0;align=center;html=1;shape=mxgraph.mockup.forms.rrect;rSize=0;fillColor=#eeeeee;strokeColor=#999999;gradientColor=#cccccc;align=left;spacingLeft=4;fontSize=17;fontColor=#666666;labelPosition=right;" vertex="1" parent="hFa6bvZfNE1wUpe_mWhl-42">
          <mxGeometry x="8" y="97.5" width="92" height="15" as="geometry" />
        </mxCell>
      </root>
    </mxGraphModel>
  </diagram>
</mxfile>
