<?xml version="1.0" encoding="UTF-8"?>
<mxfile host="app.diagrams.net" modified="2023-08-18T06:44:04.965Z" agent="Mozilla/5.0 (Windows NT 10.0; Win64; x64) AppleWebKit/537.36 (KHTML, like Gecko) Chrome/115.0.0.0 Safari/537.36" etag="viu8ea3WkdsRQhBnwXeh" version="21.6.8" type="device">
  <diagram name="Page-1" id="qeNLmwjd28Aynlv9Y68L">
    <mxGraphModel dx="847" dy="322" grid="1" gridSize="10" guides="1" tooltips="1" connect="1" arrows="1" fold="1" page="1" pageScale="1" pageWidth="827" pageHeight="1169" math="0" shadow="0">
      <root>
        <mxCell id="0" />
        <mxCell id="1" parent="0" />
        <mxCell id="hqDMpMkRBnEcMnjtHAe8-1" value="Logo and name" style="rounded=0;whiteSpace=wrap;html=1;fillColor=#B266FF;" vertex="1" parent="1">
          <mxGeometry x="184" y="520" width="80" height="50" as="geometry" />
        </mxCell>
        <mxCell id="hqDMpMkRBnEcMnjtHAe8-2" value="Navigation" style="rounded=0;whiteSpace=wrap;html=1;fillColor=#A680B8;" vertex="1" parent="1">
          <mxGeometry x="264" y="520" width="70" height="50" as="geometry" />
        </mxCell>
        <mxCell id="hqDMpMkRBnEcMnjtHAe8-3" value="Search Parameters" style="rounded=0;whiteSpace=wrap;html=1;" vertex="1" parent="1">
          <mxGeometry x="184" y="570" width="80" height="130" as="geometry" />
        </mxCell>
        <mxCell id="hqDMpMkRBnEcMnjtHAe8-4" value="" style="verticalLabelPosition=bottom;verticalAlign=top;html=1;shadow=0;dashed=0;strokeWidth=2;shape=mxgraph.android.navigation_bar_1;fillColor=#1A1A1A;strokeColor=#999999;sketch=0;" vertex="1" parent="1">
          <mxGeometry x="334" y="520" width="80" height="50" as="geometry" />
        </mxCell>
        <mxCell id="hqDMpMkRBnEcMnjtHAe8-5" value="Cart" style="rounded=0;whiteSpace=wrap;html=1;" vertex="1" parent="1">
          <mxGeometry x="264" y="570" width="150" height="130" as="geometry" />
        </mxCell>
        <mxCell id="hqDMpMkRBnEcMnjtHAe8-6" value="Footer" style="rounded=0;whiteSpace=wrap;html=1;" vertex="1" parent="1">
          <mxGeometry x="184" y="700" width="230" height="50" as="geometry" />
        </mxCell>
        <mxCell id="hqDMpMkRBnEcMnjtHAe8-7" value="Search" style="labelPosition=center;verticalLabelPosition=middle;align=center;html=1;shape=mxgraph.basic.shaded_button;dx=10;fillColor=#FF33FF;strokeColor=none;whiteSpace=wrap;" vertex="1" parent="1">
          <mxGeometry x="194" y="670" width="60" height="20" as="geometry" />
        </mxCell>
      </root>
    </mxGraphModel>
  </diagram>
</mxfile>
