<?xml version="1.0" encoding="UTF-8"?>
<mxfile host="app.diagrams.net" modified="2023-08-18T06:42:41.115Z" agent="Mozilla/5.0 (Windows NT 10.0; Win64; x64) AppleWebKit/537.36 (KHTML, like Gecko) Chrome/115.0.0.0 Safari/537.36" etag="A7VQrh6vGM82AKmN69d_" version="21.6.8" type="device">
  <diagram name="Page-1" id="mZAQi8bDddVWc8xFNzIJ">
    <mxGraphModel dx="847" dy="322" grid="1" gridSize="10" guides="1" tooltips="1" connect="1" arrows="1" fold="1" page="1" pageScale="1" pageWidth="827" pageHeight="1169" math="0" shadow="0">
      <root>
        <mxCell id="0" />
        <mxCell id="1" parent="0" />
        <mxCell id="7pFQVxN1j_w_h9IkH3r8-10" value="Logo and name" style="rounded=0;whiteSpace=wrap;html=1;fillColor=#B266FF;" vertex="1" parent="1">
          <mxGeometry x="180" y="520" width="84" height="50" as="geometry" />
        </mxCell>
        <mxCell id="7pFQVxN1j_w_h9IkH3r8-11" value="Navigation" style="rounded=0;whiteSpace=wrap;html=1;fillColor=#A680B8;" vertex="1" parent="1">
          <mxGeometry x="264" y="520" width="70" height="50" as="geometry" />
        </mxCell>
        <mxCell id="7pFQVxN1j_w_h9IkH3r8-13" value="" style="verticalLabelPosition=bottom;verticalAlign=top;html=1;shadow=0;dashed=0;strokeWidth=2;shape=mxgraph.android.navigation_bar_1;fillColor=#1A1A1A;strokeColor=#999999;sketch=0;" vertex="1" parent="1">
          <mxGeometry x="334" y="520" width="80" height="50" as="geometry" />
        </mxCell>
        <mxCell id="7pFQVxN1j_w_h9IkH3r8-14" value="Available Products" style="rounded=0;whiteSpace=wrap;html=1;" vertex="1" parent="1">
          <mxGeometry x="180" y="570" width="234" height="130" as="geometry" />
        </mxCell>
        <mxCell id="7pFQVxN1j_w_h9IkH3r8-15" value="Footer" style="rounded=0;whiteSpace=wrap;html=1;" vertex="1" parent="1">
          <mxGeometry x="180" y="700" width="234" height="50" as="geometry" />
        </mxCell>
        <mxCell id="7pFQVxN1j_w_h9IkH3r8-16" value="Buy" style="labelPosition=center;verticalLabelPosition=middle;align=center;html=1;shape=mxgraph.basic.shaded_button;dx=10;fillColor=#FF33FF;strokeColor=none;whiteSpace=wrap;" vertex="1" parent="1">
          <mxGeometry x="267" y="660" width="60" height="20" as="geometry" />
        </mxCell>
      </root>
    </mxGraphModel>
  </diagram>
</mxfile>
