<?xml version="1.0" encoding="UTF-8"?>
<mxfile host="app.diagrams.net" modified="2023-08-18T06:42:13.819Z" agent="Mozilla/5.0 (Windows NT 10.0; Win64; x64) AppleWebKit/537.36 (KHTML, like Gecko) Chrome/115.0.0.0 Safari/537.36" etag="p_s6EOfbtlzYLfO2zkce" version="21.6.8" type="device">
  <diagram name="Page-1" id="rKL4TnylWsv5ycySLUqt">
    <mxGraphModel dx="847" dy="322" grid="1" gridSize="10" guides="1" tooltips="1" connect="1" arrows="1" fold="1" page="1" pageScale="1" pageWidth="827" pageHeight="1169" math="0" shadow="0">
      <root>
        <mxCell id="0" />
        <mxCell id="1" parent="0" />
        <mxCell id="hU2CAOHhZCiYZzsgU3y0-1" value="" style="whiteSpace=wrap;html=1;aspect=fixed;" vertex="1" parent="1">
          <mxGeometry x="90" y="90" width="80" height="80" as="geometry" />
        </mxCell>
        <mxCell id="hU2CAOHhZCiYZzsgU3y0-2" value="" style="whiteSpace=wrap;html=1;aspect=fixed;" vertex="1" parent="1">
          <mxGeometry x="190" y="650" width="230" height="230" as="geometry" />
        </mxCell>
        <mxCell id="hU2CAOHhZCiYZzsgU3y0-3" value="Logo and name" style="rounded=0;whiteSpace=wrap;html=1;fillColor=#B266FF;" vertex="1" parent="1">
          <mxGeometry x="190" y="650" width="80" height="50" as="geometry" />
        </mxCell>
        <mxCell id="hU2CAOHhZCiYZzsgU3y0-4" value="Navigation" style="rounded=0;whiteSpace=wrap;html=1;fillColor=#A680B8;" vertex="1" parent="1">
          <mxGeometry x="270" y="650" width="70" height="20" as="geometry" />
        </mxCell>
        <mxCell id="hU2CAOHhZCiYZzsgU3y0-5" value="Available Products" style="rounded=0;whiteSpace=wrap;html=1;" vertex="1" parent="1">
          <mxGeometry x="190" y="700" width="230" height="60" as="geometry" />
        </mxCell>
        <mxCell id="hU2CAOHhZCiYZzsgU3y0-6" value="Background Image" style="rounded=0;whiteSpace=wrap;html=1;fillColor=#A680B8;" vertex="1" parent="1">
          <mxGeometry x="270" y="670" width="150" height="30" as="geometry" />
        </mxCell>
        <mxCell id="hU2CAOHhZCiYZzsgU3y0-7" value="" style="verticalLabelPosition=bottom;verticalAlign=top;html=1;shadow=0;dashed=0;strokeWidth=2;shape=mxgraph.android.navigation_bar_1;fillColor=#1A1A1A;strokeColor=#999999;sketch=0;" vertex="1" parent="1">
          <mxGeometry x="340" y="650" width="80" height="20" as="geometry" />
        </mxCell>
        <mxCell id="hU2CAOHhZCiYZzsgU3y0-8" value="Testimonials" style="rounded=0;whiteSpace=wrap;html=1;" vertex="1" parent="1">
          <mxGeometry x="190" y="760" width="230" height="40" as="geometry" />
        </mxCell>
        <mxCell id="hU2CAOHhZCiYZzsgU3y0-9" value="Map" style="rounded=0;whiteSpace=wrap;html=1;" vertex="1" parent="1">
          <mxGeometry x="190" y="800" width="230" height="30" as="geometry" />
        </mxCell>
        <mxCell id="hU2CAOHhZCiYZzsgU3y0-10" value="Footer" style="rounded=0;whiteSpace=wrap;html=1;" vertex="1" parent="1">
          <mxGeometry x="190" y="830" width="230" height="50" as="geometry" />
        </mxCell>
      </root>
    </mxGraphModel>
  </diagram>
</mxfile>
